Latitude,Longitude,Altitude,Speed,Bearing
45.491178,7.845157,270.88753907953827,0.37096268,110.71378
45.491153,7.844750,294.42282053716457,2.714371,245.17558
45.491034,7.844469,294.5207452155153,2.1762278,244.87299
45.490939,7.844167,294.97638088840836,2.630149,246.04329
45.490841,7.843854,297.7039205122296,3.4612184,242.78035
45.490741,7.843560,302.73308308029743,3.942088,245.53107
45.490661,7.843221,298.99934264179313,4.302733,246.67104
45.490550,7.842876,294.5392371972524,4.6469593,246.62854
45.490455,7.842561,290.7645471261028,4.680757,245.06392
45.490330,7.842236,286.83298343887816,4.6688924,239.31084
45.490227,7.841937,290.7720748276554,4.474935,240.45573
45.490101,7.841622,290.55917845523317,4.4076734,243.39494
45.490010,7.841322,296.41839284073865,2.1133068,245.59605
45.489766,7.841270,298.05248711004117,2.3670666,152.93225
45.489553,7.841420,298.93617007794825,2.9437244,154.41943
45.489358,7.841592,300.8606822727403,3.4059634,149.336
45.489117,7.841777,297.2245244172626,4.8363295,148.91985
45.488860,7.842055,295.9369144649701,12.01086,143.55014
45.488664,7.842273,295.79662186406983,13.9310055,143.56819
45.488452,7.842494,296.20626885441783,16.41275,143.30392
45.488193,7.842763,298.2578444160091,18.83778,143.65884
45.487913,7.843056,297.3487137702618,20.073355,144.09946
45.487605,7.843384,298.55356446855353,21.619137,143.49847
45.487279,7.843751,298.2727667604295,23.610624,143.89938
45.487098,7.843958,297.84681865877536,25.562517,143.12967
45.486912,7.844169,296.78399757296336,26.843884,142.64816
45.486729,7.844379,296.49559158886746,26.616165,142.5727
45.486543,7.844589,297.27312297266525,27.08955,141.93825
45.486341,7.844816,297.5160857659508,28.526337,141.68448
45.486134,7.845049,297.3673591807638,28.956963,142.35304
45.485922,7.845279,297.4275545298516,29.17845,142.00883
45.485701,7.845517,296.907942093987,30.084255,142.70064
45.485477,7.845756,297.1634528577202,30.91195,143.04916
45.485252,7.845985,297.2294528226577,30.732395,143.97966
45.485024,7.846217,298.1588186154621,31.19885,144.57805
45.484795,7.846444,299.34668773149883,31.09356,144.24902
45.484568,7.846675,300.06996724965387,31.442068,144.50098
45.484340,7.846909,301.42490947486317,31.656181,144.01875
45.484108,7.847154,303.20280123285085,32.123486,143.96742
45.483876,7.847408,304.46862178055386,32.123486,143.97966
45.483644,7.847653,306.0194064927274,31.78603,143.32349
45.483397,7.847898,307.77200447179024,32.187416,143.7062
45.483163,7.848142,308.87765658586926,31.825893,144.51202
45.482926,7.848388,308.9811233537071,32.253403,145.02568
45.482685,7.848639,308.98983783207086,32.585026,144.88106
45.482444,7.848889,309.8070204222672,32.574276,144.39532
45.482209,7.849133,310.95581008355714,32.22933,144.08472
45.481970,7.849377,312.8272332526072,32.552727,144.38745
45.481725,7.849616,314.37028099728906,32.773148,145.2226
45.481494,7.849839,315.886032521328,31.034168,144.76442
45.481251,7.850066,317.3818912828107,31.645397,145.19621
45.481013,7.850289,318.8745434372367,31.398819,145.75726
45.480775,7.850503,320.5894350338499,31.527891,146.43802
45.480533,7.850720,321.73956536019995,31.735014,146.34299
45.480285,7.850943,323.2835861114578,32.437134,146.50507
45.480036,7.851173,325.306174781922,32.48505,146.28342
45.479784,7.851406,327.4415254303883,32.759007,145.73059
45.479530,7.851648,330.3453317540276,33.258713,146.51651
45.479268,7.851896,334.08956096566305,33.95762,145.83185
45.479000,7.852150,338.2625438100714,34.88394,145.77277
45.478729,7.852416,341.75527823619086,35.840313,145.30728
45.478450,7.852687,344.4079932788167,36.762127,145.89085
45.478161,7.852955,347.4419158039491,37.358784,146.60728
45.477870,7.853224,350.98737547583556,37.723267,147.5594
45.477580,7.853473,354.5036032374345,37.21704,148.7463
45.477284,7.853708,357.93212830776446,37.208595,150.43419
45.476984,7.853914,360.85144465439555,36.347576,152.72055
45.476680,7.854102,364.1592802457204,36.261814,154.92587
45.476386,7.854268,367.3044693293394,35.024445,157.04347
45.476089,7.854412,370.37961754584035,34.875523,159.36543
45.475781,7.854541,373.1741566405325,35.42909,161.18462
45.475443,7.854565,376.7171370717176,35.42909,159.17195
45.475104,7.854601,380.3705157398185,36.93616,163.87137
45.474766,7.854668,384.46244462687434,37.208347,170.81573
45.474428,7.854720,388.1382245160188,37.38225,171.97513
45.474128,7.854729,391.65930368075277,32.10751,173.99081
45.473802,7.854735,395.28085250063646,32.10751,172.90646
45.473449,7.854715,399.3807309234402,36.77261,185.87796
45.473100,7.854677,402.4332667973215,37.3275,186.64401
45.472760,7.854632,404.5701198266312,37.3275,182.80559
45.472438,7.854527,405.6856238563874,36.7444,187.9474
45.472123,7.854392,405.4186725112202,36.28063,191.43576
45.471808,7.854245,405.4504663404706,37.297504,193.75511
45.471496,7.854069,407.17954233574943,37.184616,198.3047
45.471194,7.853879,408.74328521300873,36.07332,200.5728
45.470891,7.853643,410.4054683369601,36.07332,199.42154
45.470584,7.853400,412.06166300743666,38.012897,203.18106
45.470277,7.853157,413.7114180421179,37.905014,206.02971
45.469998,7.852945,415.77006338199976,34.344738,209.50638
45.469727,7.852718,418.1391896576639,33.754124,210.17145
45.469452,7.852483,420.8560659007542,34.312115,210.79904
45.469146,7.852272,423.48991051059306,34.312115,209.4431
45.468833,7.852029,426.0438631331484,36.46078,212.30113
45.468538,7.851747,428.75470485600977,37.61173,216.12181
45.468235,7.851465,430.75766280126743,37.61173,214.26741
45.467963,7.851149,432.5728382429683,37.719635,217.3741
45.467723,7.850837,435.6280775536968,36.336445,221.48973
45.467484,7.850528,439.6025842975743,36.067158,221.8786
45.467247,7.850200,444.75707712264807,35.60372,222.22449
45.467011,7.849882,450.6594350725862,35.46992,221.75858
45.466773,7.849569,457.40504675517354,35.351963,220.81653
45.466539,7.849270,464.01561346819375,34.35581,220.1429
45.466290,7.848958,469.77681619162405,36.47975,220.73454
45.466042,7.848631,475.23804171853055,37.28444,221.36678
45.465822,7.848262,479.2917974049817,37.28444,221.36678
45.465580,7.847923,482.65696731751615,37.442547,221.38846
45.465329,7.847590,486.1100611578938,38.061802,220.42563
45.465073,7.847265,489.7926807628729,38.061802,221.36678
45.464813,7.846931,493.5683784492241,38.671635,221.40402
45.464549,7.846593,497.7714812860813,38.57026,221.79745
45.464278,7.846252,502.0072747331482,38.99287,220.81564
45.464007,7.845915,506.5267743007757,39.196934,220.37996
45.463732,7.845578,511.00405179551416,39.299713,220.75104
45.463465,7.845245,514.8928935156284,39.128677,221.01534
45.463201,7.844915,518.3948406984351,39.007023,221.11996
45.462932,7.844580,521.909709786374,39.171165,220.66144
45.462660,7.844253,524.9966589555094,38.79992,221.34946
45.462380,7.843924,527.7854974282404,39.049614,220.81024
45.462090,7.843599,530.1457929929114,40.03105,220.30219
45.461801,7.843270,532.5546498866369,39.886383,219.72514
45.461508,7.842946,535.2465043936149,40.40609,218.66754
45.461226,7.842628,537.7907062449019,38.981083,218.86574
45.460942,7.842326,540.3568699842332,38.791264,218.09021
45.460623,7.842058,542.7018950853787,38.791264,218.87555
45.460311,7.841784,545.3205084227812,39.587933,213.88252
45.459995,7.841490,547.5107753681846,41.089893,214.21483
45.459690,7.841206,549.1540046321807,40.188416,214.22092
45.459381,7.840920,550.5521124725961,40.457134,214.75616
45.459068,7.840623,551.5771695495971,40.457134,213.88252
45.458776,7.840301,552.3983937936252,40.180656,216.50157
45.458478,7.839987,553.3721034523667,40.333515,216.07172
45.458173,7.839672,554.1138057498467,40.898964,215.60878
45.457857,7.839365,554.5552152421784,41.65096,214.89395
45.457528,7.839088,555.0788569636152,41.65096,214.89395
45.457200,7.838801,555.4273583396233,41.81818,215.31161
45.456875,7.838499,556.0664175307431,42.476387,214.52945
45.456523,7.838243,557.2180109529228,42.476387,214.89395
45.456194,7.837943,559.0248912777873,42.53276,214.89395
45.455863,7.837620,561.6506883056427,43.192036,215.98087
45.455539,7.837305,564.6676119696044,42.569283,216.36072
45.455218,7.837002,568.1247626573673,42.201725,216.87561
45.454913,7.836678,571.970084116479,41.883976,218.13904
45.454613,7.836352,576.1184474299283,41.45706,219.2748
45.454317,7.836030,580.5848942337143,40.722107,219.85316
45.454018,7.835699,585.2806796314259,41.298084,219.55365
45.453713,7.835367,590.5115159828036,41.94808,219.05013
45.453403,7.835026,596.3659838022008,42.711308,219.24205
45.453096,7.834667,601.4548039608009,43.143307,220.15111
45.452786,7.834283,605.476597619748,43.143307,219.2748
45.452473,7.833927,609.2010152342743,43.08134,219.2748
45.452143,7.833600,613.16138339417,43.267143,218.34784
45.451811,7.833264,617.972231786462,44.01564,217.88249
45.451477,7.832934,623.3072785729187,44.077595,217.65318
45.451146,7.832606,628.5713249798939,43.98262,217.53964
45.450814,7.832293,633.8714072485569,43.23608,216.83054
45.450492,7.831968,639.6861295672469,42.96621,216.473
45.450171,7.831629,644.8815627093568,43.60908,216.29103
45.449857,7.831276,649.3488700617136,43.838894,216.74556
45.449550,7.830931,653.4211910297366,43.01361,216.96912
45.449263,7.830549,657.3040322875738,42.998856,218.15147
45.448991,7.830141,659.9465478680767,43.393795,221.0793
45.448726,7.829734,662.4802407371052,42.76318,226.29807
45.448464,7.829334,665.3606381175271,41.920128,225.57292
45.448201,7.828936,668.6239245909545,41.646645,226.03375
45.447932,7.828535,672.8614849904723,41.844215,226.84799
45.447658,7.828139,677.1377939185572,42.48515,226.79808
45.447383,7.827737,681.8652493891349,42.79597,226.86354
45.447109,7.827338,687.0949067184762,42.449535,226.67963
45.446837,7.826934,691.9325708918641,42.56841,226.31537
45.446562,7.826525,696.4618579260862,43.177925,225.9571
45.446280,7.826125,701.7299059537486,43.288773,225.53069
45.445987,7.825734,707.1848659661272,43.749664,225.15404
45.445690,7.825338,712.205412465021,44.605537,224.76741
45.445401,7.824950,716.1722418739535,44.06179,225.62503
45.445116,7.824551,719.6365584401881,44.576492,226.04086
45.444841,7.824137,723.0398887797459,44.69118,226.6967
45.444582,7.823695,726.4528739292665,44.69118,226.6967
45.444329,7.823260,730.0940896862132,43.475464,229.1957
45.444078,7.822833,733.4529443869624,43.636215,229.915
45.443825,7.822409,736.8139857738889,43.48038,230.58665
45.443557,7.822019,739.882458180531,42.823215,229.13968
45.443315,7.821635,744.208625215293,40.252167,229.83455
45.443081,7.821259,748.7836677537967,40.252167,229.25182
45.442843,7.820851,753.4637865442696,41.966644,230.30719
45.442607,7.820429,758.6015238200281,42.100513,231.381
45.442365,7.819997,763.4341178366296,42.867867,231.41139
45.442119,7.819556,767.8919308302795,43.65459,231.89194
45.441874,7.819118,771.264735860897,43.472355,232.19778
45.441637,7.818676,773.738517840999,42.78104,232.54518
45.441404,7.818239,776.2507900134351,41.99138,232.88908
45.441164,7.817786,778.3805272172907,43.284485,233.39166
45.440929,7.817315,779.8167046925897,44.105015,234.22488
45.440696,7.816841,781.4557279476725,43.991386,235.1794
45.440477,7.816360,783.0644907302263,43.680897,236.46353
45.440270,7.815881,784.746388218013,43.42431,237.5538
45.440081,7.815423,786.3424357622594,41.290188,238.6499
45.439901,7.814959,788.1528712191651,41.008762,239.71523
45.439718,7.814476,790.2615620159382,42.650238,240.62628
45.439543,7.813977,792.496508352228,43.04713,241.36185
45.439365,7.813485,794.4752752768296,42.813263,242.29507
45.439196,7.812981,796.3279228727197,43.315365,242.9747
45.439026,7.812460,798.3860933408743,43.75024,243.4899
45.438861,7.811922,800.2680176225108,44.448223,244.61098
45.438698,7.811374,801.5924026563321,44.974323,245.78474
45.438535,7.810831,802.4382725433115,44.897705,246.62567
45.438380,7.810272,802.9848376616244,45.286816,247.19516
45.438227,7.809714,804.0654419281456,45.275978,248.05525
45.438076,7.809148,805.7783202875687,46.033447,248.43219
45.437921,7.808584,807.9758205348398,46.30494,249.01227
45.437763,7.808020,810.1357434705028,46.155518,248.90527
45.437608,7.807461,812.2843806633936,46.031536,248.7166
45.437455,7.806904,814.4170048745766,46.281418,248.01807
45.437302,7.806347,816.7945099453533,46.316902,247.58034
45.437141,7.805791,819.0562209351122,46.40687,247.10703
45.436978,7.805228,821.444489002881,46.805996,247.05777
45.436813,7.804656,823.8394504920018,47.567352,246.58258
45.436644,7.804087,825.565280562552,47.69287,246.61993
45.436473,7.803512,827.300304113859,48.051125,247.14497
45.436302,7.802937,828.7859093357187,48.16553,247.4572
45.436130,7.802361,829.9238786098623,48.35088,247.75378
45.435968,7.801779,830.9145801834388,48.75844,248.60779
45.435806,7.801200,831.7707333474409,48.698765,247.95721
45.435634,7.800635,832.2673432689461,48.277924,247.13554
45.435461,7.800068,832.8880371564205,48.3244,246.68045
45.435285,7.799492,833.6816653516181,48.848515,246.46587
45.435108,7.798911,834.5804838791588,49.078663,246.58905
45.434932,7.798332,835.5979976759088,49.10221,246.78685
45.434762,7.797765,836.8681639208224,48.26194,246.49266
45.434593,7.797194,838.3761611010519,48.286278,246.88814
45.434426,7.796625,840.0614693166909,48.379986,247.243
45.434258,7.796057,841.9848596845553,47.88168,247.43835
45.434098,7.795478,843.8040080009692,47.99633,248.18542
45.433940,7.794909,845.7482029229957,47.37923,248.5328
45.433792,7.794340,847.9672045320754,47.380257,249.42601
45.433645,7.793773,850.0626251050465,47.459637,250.03035
45.433501,7.793207,852.480943852454,47.15048,249.84303
45.433362,7.792640,855.3322330276208,47.072643,250.45233
45.433222,7.792077,858.7821825339205,46.70945,251.39554
45.433082,7.791522,862.2684995156391,46.329918,251.15163
45.432944,7.790955,866.1241386185065,46.915756,251.45251
45.432803,7.790386,869.7643719418169,46.9798,251.28418
45.432662,7.789818,872.9066673666682,46.98542,251.48157
45.432521,7.789247,876.4322139762937,47.34777,252.07104
45.432383,7.788678,879.6758541705221,47.176147,251.76314
45.432245,7.788104,882.6806211674353,47.258015,251.97688
45.432106,7.787525,885.3663129999952,47.381916,252.31667
45.431976,7.786939,888.1156014676671,47.350986,252.85478
45.431846,7.786350,890.8770128247221,47.25679,252.9217
45.431712,7.785759,894.1020621193898,47.2104,253.5041
45.431590,7.785161,897.0999415807754,47.48516,254.05666
45.431467,7.784555,899.9958222199706,48.15056,254.60634
45.431352,7.783950,902.6469357384449,48.472088,255.12074
45.431234,7.783337,905.1637273777451,48.272823,254.22366
45.431114,7.782723,907.8230327057263,48.935387,254.79243
45.430983,7.782112,910.5362659595093,48.802288,253.8538
45.430851,7.781501,913.0360730616723,49.177605,252.96553
45.430708,7.780893,915.4730996152073,49.421406,252.58327
45.430519,7.780298,917.9199682375388,49.421406,252.58327
45.430367,7.779699,920.2343782207683,49.571133,250.97775
45.430218,7.779109,922.4252402874438,49.55329,251.6608
45.430082,7.778506,924.5009927868838,49.348034,252.58093
45.429948,7.777910,926.6220478657325,49.188656,253.05782
45.429820,7.777318,928.8005001756511,48.71757,253.5914
45.429698,7.776729,930.7672829205455,48.687317,254.49176
45.429587,7.776130,933.0118292324912,48.687317,253.26022
45.429461,7.775515,935.4978869515488,49.322178,254.68652
45.429338,7.774888,938.0832739292414,49.687847,254.73775
45.429219,7.774265,940.2221652908969,50.304165,254.56702
45.429094,7.773637,941.7680357730658,51.076782,254.82048
45.428966,7.773004,942.8211873421218,51.286407,255.32944
45.428842,7.772369,944.107108579441,51.637924,255.52292
45.428729,7.771730,944.5254244522531,51.80982,256.21793
45.428618,7.771076,944.1346006734436,52.77738,256.73383
45.428517,7.770418,944.1351668957949,52.641872,257.5476
45.428415,7.769749,944.6828753990318,53.124523,257.08774
45.428310,7.769072,945.8258012571622,54.037567,257.05252
45.428203,7.768396,946.9436666833253,53.917393,257.2482
45.428095,7.767715,948.0217647866065,54.17595,257.93423
45.427988,7.767035,949.675902586259,54.302216,258.1617
45.427880,7.766352,950.5980351128584,54.209934,258.39084
45.427785,7.765661,951.3942089517043,54.416367,258.94675
45.427689,7.764972,951.1832071681636,54.2904,258.8769
45.427596,7.764284,950.9161688394538,54.536724,258.55972
45.427503,7.763592,950.7823026202012,54.922886,258.41235
45.427399,7.762908,951.3005060806424,54.204433,257.58344
45.427296,7.762231,951.6199574107047,54.15787,257.34277
45.427192,7.761551,952.1590464122265,54.32718,256.61713
45.427088,7.760883,953.0554194328215,53.45901,257.03348
45.426976,7.760225,953.8292615722978,53.18424,256.48242
45.426862,7.759565,954.9741856638913,53.103424,256.04343
45.426744,7.758902,956.670455260455,53.132862,255.61353
45.426624,7.758235,958.4672042014316,53.62515,255.7846
45.426502,7.757572,960.2542729923359,53.53048,255.75664
45.426371,7.756923,961.876038834144,52.987186,255.03268
45.426241,7.756275,963.6046772961834,52.691376,254.43063
45.426115,7.755625,965.2262779723187,52.576912,254.75587
45.425980,7.754979,966.9265569727806,52.4046,253.89801
45.425843,7.754328,968.5230302065022,52.90215,253.95439
45.425709,7.753680,970.1945815212429,52.397606,253.80089
45.425571,7.753033,971.718296236322,52.290085,253.35454
45.425426,7.752395,973.21740185338,52.651344,252.626
45.425264,7.751771,974.8086239443214,52.054256,251.24101
45.425092,7.751154,976.5558226963739,51.951035,250.10692
45.424915,7.750533,978.2138328411537,52.048637,249.28442
45.424726,7.749909,979.8110454809184,52.554794,248.58475
45.424538,7.749288,981.4571149333648,52.449852,247.88675
45.424336,7.748671,983.1557416463471,52.616188,247.03769
45.424131,7.748052,984.5399899564479,53.09281,246.2393
45.423927,7.747443,985.6113154390548,52.606842,245.48956
45.423721,7.746835,986.329100398099,52.997253,244.74272
45.423505,7.746229,986.9796767545433,53.354828,244.10374
45.423288,7.745623,987.7759161442037,53.276436,243.68263
45.423070,7.745017,988.4309267346362,53.33753,243.34787
45.422839,7.744414,988.9674638798413,53.719135,242.90639
45.422604,7.743808,989.5929315530772,54.07846,242.3329
45.422356,7.743197,990.4510636187382,54.98292,241.81412
45.422107,7.742575,991.3022074544441,55.59456,241.23933
45.421848,7.741957,992.2787129243732,56.017357,240.6703
45.421582,7.741351,992.5911882034299,55.1345,240.31232
45.421271,7.740762,992.7095907473345,55.1345,241.03896
45.420977,7.740138,992.3851159545692,57.667862,238.72452
45.420682,7.739498,991.6339968529107,58.319794,236.33652
45.420394,7.738877,990.9322982222634,58.27825,236.23956
45.420100,7.738255,989.8522186237335,59.13033,235.94746
45.419801,7.737641,988.0943036128086,59.448444,235.43346
45.419498,7.737018,986.4115003557683,60.12482,235.22458
45.419198,7.736398,984.7405820232334,59.646328,235.23672
45.418898,7.735778,982.768202559516,59.634583,235.18498
45.418597,7.735154,980.9336456939756,59.6556,235.29456
45.418300,7.734540,978.7747739688484,59.46632,234.8261
45.417995,7.733934,976.5242160681762,59.639973,234.30653
45.417688,7.733326,974.466147898531,59.656834,233.5789
45.417376,7.732727,972.8109537342916,59.239708,233.27895
45.417064,7.732128,971.2811474788882,59.0387,233.00531
45.416749,7.731532,970.2238494507745,58.754494,233.08661
45.416436,7.730939,969.8149359820588,58.413258,233.3876
45.416124,7.730350,969.6539055309142,58.20346,233.4121
45.415811,7.729760,969.7094834368354,58.098957,233.20975
45.415502,7.729173,969.6694044512034,57.37429,232.7745
45.415192,7.728583,969.6522386144538,57.6579,232.7232
45.414879,7.727992,969.5152171675146,57.64511,232.74042
45.414566,7.727403,969.5904280651722,57.304325,232.73164
45.414254,7.726820,969.7402689580613,56.926556,232.42915
45.413945,7.726244,969.9711200037357,56.833485,232.58232
45.413632,7.725660,970.322289596333,57.365314,232.60083
45.413322,7.725079,970.8461332526836,57.0899,232.90793
45.413012,7.724501,971.4405361597577,56.90607,232.77994
45.412701,7.723923,972.120041661068,56.705116,232.84283
45.412391,7.723346,972.9385425894303,56.556072,232.70714
45.412081,7.722776,973.8951062071887,56.426426,232.77786
45.411764,7.722211,975.1515228572824,56.342266,232.11105
45.411451,7.721645,976.3947916982673,56.20516,232.03973
45.411143,7.721085,977.4084904568729,55.484333,231.651
45.410833,7.720522,978.4130669210182,55.691,231.30742
45.410521,7.719960,979.3071298365385,55.737183,231.54633
45.410206,7.719397,980.2969156368447,56.058224,231.29544
45.409886,7.718843,981.1380027604523,55.822598,231.05052
45.409566,7.718287,982.0859925670559,56.231396,230.58502
45.409243,7.717722,982.7688435503757,56.9274,230.67128
45.408920,7.717155,983.2982345607955,57.114605,230.80367
45.408592,7.716587,983.6950566330183,57.020336,230.37112
45.408234,7.716064,984.5374469115507,57.020336,231.05052
45.407888,7.715521,985.0253537738699,58.004078,230.28386
45.407554,7.714959,985.5868466413835,57.639606,230.27628
45.407224,7.714386,984.7210784473705,58.098087,230.67761
45.406889,7.713803,983.6210277137866,59.548496,231.12445
45.406555,7.713203,982.5501965889181,59.8691,230.81166
45.406221,7.712611,981.5573102679789,58.529972,230.60707
45.405886,7.712023,980.9725671552087,58.22641,231.29721
45.405559,7.711448,980.646560725835,57.95449,231.20468
45.405250,7.710877,981.4746392352412,57.275826,231.87424
45.404958,7.710332,983.9881700789929,55.602634,232.55537
45.404692,7.709769,986.154721408782,55.602634,231.56372
45.404384,7.709206,987.1726837137617,56.214928,231.71834
45.404072,7.708631,987.585954305362,55.964493,232.96959
45.403763,7.708046,988.1002951634483,55.964493,232.34126
45.403461,7.707470,989.3643451210564,56.407185,232.50066
45.403176,7.706872,990.1040780370482,56.407185,232.65599
45.402874,7.706288,990.7188164689527,56.56462,232.81316
45.402568,7.705726,991.5775690426499,55.797974,231.99675
45.402257,7.705175,992.8137109042528,55.797974,232.89093
45.401932,7.704615,994.3350723147842,56.38555,231.7314
45.401608,7.704053,995.6006760642932,56.37593,231.1537
45.401291,7.703519,997.0260853928451,55.4293,229.72978
45.400965,7.703008,997.4854781098186,54.373577,229.0334
45.400621,7.702508,997.9093753941638,54.373577,229.96303
45.400271,7.702052,997.2651268848097,53.039284,224.37692
45.399917,7.701624,997.5202456530562,53.039284,227.22357
45.399581,7.701175,998.2152601847893,52.630085,225.96483
45.399237,7.700712,999.607633221752,52.58292,225.39352
45.398894,7.700248,1000.8933076712931,52.58292,226.28581
45.398548,7.699756,1002.097155214271,53.554703,226.1244
45.398181,7.699281,1004.420720581463,53.735886,225.36217
45.397824,7.698799,1005.190959509195,53.705048,224.36082
45.397481,7.698319,1006.0351802163289,53.22771,224.83536
45.397142,7.697851,1007.1818145967197,52.362255,224.32138
45.396799,7.697375,1008.6780899498921,52.820942,224.56978
45.396441,7.696906,1009.9890739644395,52.820942,224.60678
45.396095,7.696407,1010.1370364452667,54.075962,225.11946
45.395749,7.695914,1010.7582627274406,53.296913,225.25044
45.395396,7.695418,1011.120810277512,53.296913,225.36949
45.395072,7.694876,1011.5424642185834,54.433308,227.06447
45.394753,7.694323,1011.6667769320927,54.74041,227.902
45.394438,7.693764,1011.6943554500377,54.638737,228.97324
45.394126,7.693202,1013.0247036812506,54.408566,229.50531
45.393814,7.692644,1014.0124884553322,54.01281,229.77058
45.393502,7.692086,1014.7243099674254,53.977776,229.90395
45.393190,7.691529,1015.4911042970132,54.09785,229.97092
45.392880,7.690980,1016.1499360010974,53.98947,230.00438
45.392568,7.690432,1016.2908375354068,53.93902,230.02113
45.392248,7.689869,1017.0443485093549,54.52048,229.98598
45.391926,7.689298,1017.6397196429435,54.854572,229.84666
45.391608,7.688736,1018.0144028150021,54.696957,230.53696
45.391296,7.688176,1019.1978912099715,54.600853,229.8984
45.391006,7.687589,1020.1256141563385,54.600853,230.03687
45.390693,7.687043,1021.5207215852098,54.972805,230.03738
45.390370,7.686513,1021.7752121137107,54.90397,230.03764
45.390048,7.685979,1022.2912120578561,54.91592,230.03778
45.389727,7.685454,1022.69181906518,54.005714,229.31892
45.389413,7.684937,1023.8550077037728,54.295837,229.67397
45.389094,7.684412,1025.8735902715937,54.749084,229.70847
45.388793,7.683899,1027.6378922229205,54.203213,230.63007
45.388495,7.683383,1030.4242394198122,53.696545,230.78886
45.388209,7.682873,1032.43648634698,52.41929,230.54266
45.387934,7.682353,1034.9387677572342,52.41929,230.0379
45.387642,7.681859,1037.1764656437292,51.421013,228.66542
45.387346,7.681357,1038.3578266518678,51.421013,229.36368
45.387048,7.680869,1039.8330582046892,51.144077,228.4249
45.386751,7.680385,1041.026465801861,50.66312,227.90422
45.386454,7.679907,1042.1968953194914,50.34278,228.14323
45.386156,7.679431,1042.5756702161445,49.87822,227.98701
45.385853,7.678953,1043.07175019444,49.87822,228.7108
45.385538,7.678462,1043.7672168241254,49.702545,228.58162
45.385201,7.677981,1045.3031823867273,49.702545,228.68825
45.384877,7.677487,1047.3063819294225,49.901215,228.06914
45.384560,7.676995,1048.9308643120712,50.280254,227.75787
45.384246,7.676518,1049.966309863904,50.03286,227.27803
45.383932,7.676048,1050.583895474425,50.03286,227.60338
45.383623,7.675577,1051.304961763129,50.09498,227.52599
45.383308,7.675114,1052.0523514069018,49.87786,226.57729
45.382985,7.674639,1052.6808291063608,50.243427,226.75526
45.382612,7.674188,1053.4226124349,50.243427,227.46796
45.382262,7.673699,1055.4354085591776,50.528362,226.54613
45.381906,7.673211,1056.515508470105,50.93116,225.70073
45.381538,7.672714,1057.7941989241103,50.93116,226.5712
45.381174,7.672224,1058.5853442263194,50.99754,224.6099
45.380793,7.671739,1059.1938347520936,50.99754,225.5879
45.380448,7.671247,1059.7534534403042,51.157116,225.09744
45.380107,7.670769,1060.2131491387106,51.331665,224.85289
45.379772,7.670299,1061.3953816694698,51.387146,224.73112
45.379443,7.669838,1062.5517487485706,51.434242,224.67043
45.379111,7.669376,1063.336624955327,51.623848,224.64008
45.378778,7.668922,1064.3342765268603,51.61062,224.62497
45.378446,7.668465,1065.9302547197954,51.54459,224.28325
45.378117,7.668013,1066.0878775006074,51.54459,224.61743
45.377779,7.667554,1067.4179912478635,51.68546,224.61366
45.377445,7.667082,1068.1936493125615,51.763363,224.61177
45.377113,7.666605,1068.7459129003541,51.863266,224.61082
45.376774,7.666136,1069.9411682770328,51.954098,224.61037
45.376430,7.665674,1071.6580993260209,52.014973,224.61012
45.376077,7.665224,1072.7617972210378,52.101563,224.01624
45.375723,7.664771,1073.7585863886134,52.241764,223.71959
45.375364,7.664309,1074.952206762169,52.512005,223.57135
45.374999,7.663841,1075.922737641851,52.90522,223.49736
45.374622,7.663384,1075.215014923639,53.256737,222.83865
45.374237,7.662908,1073.5346445744024,54.437275,222.50873
45.373842,7.662433,1071.9124751399827,55.124805,222.34619
45.373444,7.661958,1070.9227935264464,55.40418,222.26634
45.373049,7.661477,1069.6519469263465,55.412903,222.22694
45.372656,7.660992,1068.754320618005,55.435463,222.20738
45.372270,7.660512,1067.7717192435987,55.330193,222.19765
45.371894,7.660024,1067.3157010133366,55.259727,222.74396
45.371514,7.659525,1067.9244832669688,55.192627,223.01717
45.371136,7.659026,1069.0075110649825,54.976845,223.98985
45.370777,7.658531,1070.3648488090023,53.620026,224.33948
45.370418,7.658037,1071.9760538144315,53.59942,224.41718
45.370063,7.657557,1073.400225524636,53.52814,224.22473
45.369711,7.657086,1075.06714221063,53.314632,223.7015
45.369342,7.656631,1078.004685954018,53.07767,222.67863
45.368978,7.656185,1080.0291470778436,53.07767,223.4743
45.368632,7.655703,1082.7567411777502,53.232937,223.07672
45.368275,7.655226,1084.0640159046002,53.460434,222.87732
45.367909,7.654759,1084.0223470458732,53.74636,222.77762
45.367545,7.654293,1083.273560679142,53.8431,222.728
45.367183,7.653828,1082.7558407773115,53.86844,222.70328
45.366814,7.653363,1081.9337234742436,54.171165,222.69092
45.366444,7.652893,1080.770882982123,54.60166,222.68474
45.366073,7.652437,1080.7022860776387,54.37099,222.1642
45.365699,7.651982,1080.5702835481175,54.314823,221.90434
45.365321,7.651524,1079.8427513385166,54.849087,221.77376
45.364934,7.651054,1079.0561367230782,56.08736,221.70822
45.364546,7.650588,1080.1011170623751,56.714287,221.67593
45.364143,7.650136,1083.131506881356,57.07996,221.66003
45.363732,7.649700,1086.4506883622826,57.01356,221.6522
45.363331,7.649261,1089.1664416825988,56.732918,221.64832
45.362936,7.648821,1091.5289304757205,56.3679,221.64638
45.362571,7.648386,1093.8702809687056,54.065422,223.25273
45.362216,7.647923,1096.7130162148826,53.525055,224.78362
45.361812,7.647536,1100.274638193306,53.525055,223.58824
45.361442,7.647106,1104.0532865078867,53.33395,224.38423
45.361071,7.646671,1107.2204455524732,53.33395,224.17998
45.360733,7.646180,1108.4804020838392,53.520176,225.37993
45.360397,7.645673,1108.8891364935512,54.29832,225.98724
45.360055,7.645153,1108.8273734083082,55.338223,226.29117
45.359704,7.644629,1108.7479958858269,56.446022,226.44179
45.359334,7.644115,1108.2233061118318,57.227013,225.70139
45.358958,7.643597,1107.5863616350164,57.80814,225.33752
45.358580,7.643080,1106.4688380845564,57.851734,225.1589
45.358201,7.642564,1105.50501073749,57.77687,225.07053
45.357786,7.642071,1104.3482437570412,59.122013,223.36523
45.357361,7.641570,1103.1659569062126,59.769646,222.52417
45.356932,7.641071,1102.1890663863933,59.85392,222.11089
45.356502,7.640572,1101.8869024097546,59.868614,221.9063
45.356078,7.640076,1101.8848996502545,59.780663,221.8046
45.355654,7.639583,1101.7277052576812,59.757694,221.75385
45.355233,7.639087,1102.2972692931105,59.77125,221.72849
45.354814,7.638590,1103.2961769511057,59.78441,221.71579
45.354394,7.638094,1104.4706885684632,59.821968,221.70946
45.353974,7.637600,1105.5499435451293,59.862732,221.70628
45.353558,7.637107,1106.6113970598851,59.82624,221.70471
45.353135,7.636625,1107.4891788382324,59.84008,221.16476
45.352712,7.636141,1107.9535167469899,59.890606,220.89471
45.352289,7.635655,1107.7595421041979,59.943176,220.75974
45.351867,7.635171,1107.810221149314,59.944954,220.6923
45.351428,7.634693,1108.182662134293,60.67837,220.04611
45.350990,7.634190,1107.9615922758317,61.882294,220.23627
45.350546,7.633688,1107.527296778056,62.619102,220.33005
45.350108,7.633182,1107.5735669869807,63.061058,221.20464
45.349674,7.632702,1108.3204295120177,61.674946,221.60924
45.349251,7.632222,1109.7472609677548,60.518208,222.75616
45.348847,7.631730,1111.2929359760044,59.745968,223.20563
45.348434,7.631263,1112.9947501661236,59.745968,222.51611
45.348048,7.630780,1114.640029783509,58.726498,224.18665
45.347696,7.630266,1116.8533045875672,58.420406,225.56227
45.347330,7.629771,1119.4529561405004,57.766262,223.68306
45.346964,7.629268,1121.0670688710206,57.326756,223.5083
45.346592,7.628758,1122.2696166759188,57.3084,223.92024
45.346228,7.628250,1122.4834082335228,56.64936,224.51968
45.345886,7.627730,1122.9904855501431,56.103786,225.32971
45.345551,7.627222,1123.518626974364,55.18185,226.2268
45.345231,7.626700,1124.196691419294,55.18185,224.91754
45.344894,7.626197,1126.4590988063437,55.4673,225.12285
45.344555,7.625693,1129.849362095868,55.030396,225.57164
45.344219,7.625191,1133.5620687740336,54.71921,226.18634
45.343890,7.624700,1138.026132222782,54.414925,225.97382
45.343576,7.624191,1139.955276714531,53.6745,226.75024
45.343263,7.623695,1140.879620685499,53.381905,226.24408
45.342961,7.623196,1140.948164509915,53.381905,226.38226
45.342627,7.622712,1140.4579200407225,53.552,226.56584
45.342282,7.622234,1140.2090943121548,53.513073,226.20428
45.341937,7.621764,1141.0609417164474,53.652126,225.67734
45.341602,7.621309,1143.3394658670666,53.85564,225.65613
45.341275,7.620850,1146.4076142044694,54.21224,225.52689
45.340943,7.620387,1149.4456045092409,54.25305,225.5218
45.340606,7.619924,1152.5138463530081,54.155376,225.71577
45.340267,7.619453,1155.5172058723265,54.402275,225.46451
45.339925,7.619004,1158.5979826920857,54.402275,225.69246
45.339572,7.618557,1162.3444628773882,54.054504,224.75531
45.339221,7.618097,1165.3830809176957,53.886646,226.20502
45.338859,7.617643,1167.0836765077902,53.886646,225.68114
45.338514,7.617162,1167.878922186766,53.660995,225.67924
45.338175,7.616669,1168.1109408774878,53.458607,226.817
45.337844,7.616166,1167.93112420593,53.12643,228.20558
45.337516,7.615669,1167.3856822756034,52.855774,228.97827
45.337186,7.615168,1166.794897205299,52.630028,228.803
45.336856,7.614673,1166.0606754200348,52.256744,227.34935
45.336523,7.614191,1164.6796415755427,52.66074,226.97824
45.336186,7.613708,1163.3662235308707,52.66074,227.52893
45.335874,7.613192,1163.3202841184616,52.92838,228.1955
45.335552,7.612672,1163.6746817084372,53.00833,228.23431
45.335224,7.612170,1163.8332915570081,52.77643,227.9162
45.334881,7.611691,1164.5413380912723,52.77643,228.1955
45.334564,7.611180,1166.0505132653664,52.673107,228.1955
45.334252,7.610671,1167.4888588424774,52.676044,228.1955
45.333943,7.610158,1168.2895223713244,52.85921,228.03928
45.333640,7.609635,1168.9056612560141,52.85921,228.1955
45.333328,7.609112,1169.5444727086083,53.61449,228.1955
45.333002,7.608607,1170.7075967998862,53.631104,227.6279
45.332674,7.608101,1171.9821938399612,53.568222,227.34598
45.332349,7.607595,1172.5817480993828,53.217716,227.20578
45.332027,7.607093,1172.7806457478814,53.0165,227.13556
45.331704,7.606602,1173.710166768796,52.61666,227.1004
45.331378,7.606118,1174.8669019531276,52.21121,227.08276
45.331053,7.605632,1176.022056727615,52.168747,227.07385
45.330741,7.605136,1177.1866970466433,52.06242,228.24129
45.330438,7.604649,1177.9901504886475,51.610737,227.98006
45.330142,7.604163,1179.7939377776254,51.197758,229.0133
45.329873,7.603656,1182.029373415532,51.197758,228.09308
45.329589,7.603174,1183.755307097534,51.011253,228.41438
45.329301,7.602696,1185.3238548633399,50.873165,228.96548
45.329022,7.602204,1188.2345946221433,50.58112,229.35257
45.328693,7.601768,1189.5298861465985,50.58112,228.77542
45.328343,7.601299,1190.4385653383329,53.19517,223.1088
45.327980,7.600843,1189.9992241293528,53.19517,225.87755
45.327624,7.600374,1190.6844586053776,52.92053,221.9193
45.327231,7.599904,1192.8499494530388,53.39823,220.99371
45.326847,7.599431,1194.6002405092368,53.348583,221.24973
45.326429,7.598963,1196.794162490833,53.542187,220.46483
45.326017,7.598498,1199.7298567569576,53.920826,220.0322
45.325617,7.598041,1202.2038356348291,53.72444,219.8315
45.325223,7.597563,1205.5278780305948,53.684345,219.62929
45.324824,7.597103,1209.211857100592,52.97409,219.60611
45.324418,7.596662,1212.4911069581633,52.791904,219.36284
45.324020,7.596242,1215.2073532508211,52.48022,217.49104
45.323619,7.595859,1217.1525902495755,51.613136,214.0737
45.323215,7.595469,1217.8066275114409,51.613136,216.42517
45.322835,7.595059,1217.0975415030925,51.229836,216.72144
45.322456,7.594654,1216.643513004529,51.371956,216.87173
45.322075,7.594254,1215.8549846480096,51.28807,216.3013
45.321680,7.593856,1214.744257174704,51.28807,216.94717
45.321281,7.593454,1213.8636799135006,52.439438,216.98544
45.320881,7.593045,1213.164032758823,52.870743,217.00436
45.320479,7.592635,1212.5908234456226,53.16773,217.01373
45.320075,7.592235,1211.9870285102975,53.1671,216.49385
45.319673,7.591843,1211.33047185471,52.96427,216.23581
45.319279,7.591456,1211.142289255265,52.68135,216.10712
45.318890,7.591078,1211.5430700745667,52.443047,216.78343
45.318491,7.590707,1212.599040624278,51.97984,216.7166
45.318085,7.590348,1213.003385777783,51.458733,216.70724
45.317655,7.590021,1213.4735693303803,51.458733,215.99419
45.317256,7.589645,1213.8956138590333,51.16328,218.26193
45.316887,7.589242,1214.9998200161326,50.90425,219.64743
45.316530,7.588832,1216.9073327526205,50.780457,220.34633
45.316183,7.588408,1218.4690167648428,50.780457,219.00926
45.315861,7.587970,1219.7831145872997,50.20231,222.33553
45.315537,7.587532,1221.0405509883453,49.867367,222.5357
45.315227,7.587068,1222.227852714802,49.867367,221.49164
45.314923,7.586604,1222.873464368355,49.213474,221.90933
45.314613,7.586157,1223.7690582834246,49.24274,222.12143
45.314299,7.585718,1225.861423760763,49.060265,222.22803
45.313984,7.585281,1228.1648610660736,49.203743,222.28174
45.313668,7.584831,1230.1669382502046,49.50123,222.81223
45.313351,7.584374,1231.4862935266628,49.811867,223.07724
45.313042,7.583905,1232.975334199784,49.991684,223.74228
45.312736,7.583434,1234.9891514387318,50.10064,224.07315
45.312431,7.582955,1237.4313281735685,50.18851,224.23796
45.312143,7.582454,1240.3471801528162,50.081688,226.28827
45.311854,7.581944,1243.1259631744692,49.56735,226.71767
45.311567,7.581417,1246.1437221796111,49.198246,227.67955
45.311278,7.580893,1248.815113713605,48.865578,227.58177
45.311014,7.580345,1251.126236756976,48.865578,227.19691
45.310725,7.579832,1250.6548083230905,49.86795,227.43991
45.310435,7.579313,1250.6861571735442,49.588886,229.02016
45.310176,7.578794,1250.0787370609655,49.588886,228.23055
45.309657,7.577809,1251.7959046287788,47.592743,229.69249
45.309391,7.577279,1252.9926668514245,48.419098,230.2426
45.309114,7.576722,1255.0274561609026,49.106197,230.51788
45.308840,7.576167,1256.9313345535459,49.269455,230.65385
45.308564,7.575617,1258.948574051102,49.42438,230.72133
45.308285,7.575057,1260.9311969909506,49.628113,230.7549
45.308011,7.574479,1262.3681151901005,49.85255,231.43567
45.307735,7.573903,1263.7219674638225,50.030396,231.77441
45.307454,7.573339,1266.0845198124673,50.192875,231.94302
45.307164,7.572792,1268.307442706215,50.353806,232.02702
45.306871,7.572253,1270.4764351896993,50.446712,232.06883
45.306577,7.571717,1272.4907463692512,50.638096,232.08969
45.306273,7.571190,1274.6961844720076,50.76128,231.47493
45.305966,7.570652,1276.700020558255,51.06242,231.16794
45.305661,7.570117,1279.2379860148628,51.194168,231.01524
45.305354,7.569590,1281.632808717694,51.28731,230.93922
45.305050,7.569069,1284.343930611913,51.271587,230.90138
45.304747,7.568548,1287.4279362364093,51.29068,230.88248
45.304445,7.568027,1290.0205086834815,51.377476,230.87303
45.304144,7.567505,1292.1826018651689,51.411777,230.86832
45.303843,7.566985,1293.8633319230357,51.457966,230.86597
45.303542,7.566463,1295.0528314007256,51.47192,230.86479
45.303241,7.565942,1295.9569885549347,51.487785,230.86421
45.302943,7.565417,1297.1644340835967,51.529392,230.8639
45.302646,7.564885,1298.527761688933,51.577354,230.86377
45.302355,7.564360,1300.580075516809,51.397438,230.8637
45.302069,7.563844,1302.7121451805494,51.167816,230.86365
45.301779,7.563323,1305.3096138203023,51.864113,230.86363
45.301485,7.562799,1307.3798554676698,52.471817,230.86363
45.301188,7.562275,1309.6221147171832,52.720146,230.86362
45.300895,7.561748,1311.7849057712674,52.91493,230.86362
45.300602,7.561197,1314.2379300062971,53.555084,231.9897
45.300334,7.560617,1315.6382268525315,53.555084,231.43149
45.300043,7.560076,1316.6804949895131,53.141064,231.71071
45.299746,7.559545,1317.6679483326966,53.056644,231.85011
45.299446,7.559014,1318.8509938144784,52.986794,231.91985
45.299148,7.558485,1319.7074649117312,53.074646,231.95479
45.298851,7.557955,1320.4142531271057,53.142612,231.97226
45.298550,7.557426,1321.3208243559377,53.196262,231.98099
45.298243,7.556893,1322.243567355804,53.3991,231.98535
45.297936,7.556356,1323.5104005093126,53.56966,231.98753
45.297628,7.555824,1325.0545781511512,53.57238,231.98862
45.297309,7.555322,1326.4935659338726,53.381554,230.778
45.296966,7.554846,1327.1103015230065,53.381554,231.38396
45.296650,7.554362,1326.8697680647088,51.88793,230.48637
45.296346,7.553869,1327.3648936189593,51.711777,230.02837
45.296052,7.553366,1328.0051044888232,51.56015,229.79659
45.295761,7.552850,1329.1375686469748,51.790844,229.67938
45.295465,7.552326,1330.1881049479803,52.18585,229.6205
45.295165,7.551796,1330.7097084494692,52.721706,229.59105
45.294861,7.551268,1331.130761499692,52.92364,229.57645
45.294554,7.550740,1331.5969895618919,53.127125,229.5692
45.294244,7.550217,1332.4658968436163,53.176926,229.5656
45.293932,7.549693,1333.8539650620091,53.244568,229.5638
45.293619,7.549169,1335.6322384635573,53.343422,229.5629
45.293305,7.548641,1337.4966951800145,53.3696,229.56245
45.292992,7.548110,1339.0869627208444,53.363667,229.56223
45.292678,7.547579,1340.629496689573,53.424355,229.56212
45.292359,7.547034,1342.8048983444035,53.753326,229.56206
45.292037,7.546482,1344.2278953047096,53.909332,229.56203
45.291716,7.545933,1344.8059182607822,53.928497,229.56203
45.291390,7.545381,1344.47087463532,54.070477,229.56201
45.291067,7.544836,1344.3041860856881,54.106377,229.56201
45.290743,7.544301,1344.7957384063034,54.082027,229.56201
45.290419,7.543770,1346.0311252825902,54.0903,229.56201
45.290093,7.543240,1346.9819303285117,54.13343,229.56201
45.289771,7.542728,1348.0298979358822,53.92958,230.32428
45.289462,7.542230,1348.9729711296236,53.830177,229.93462
45.289163,7.541738,1349.7148778734,53.71947,230.15065
45.288863,7.541261,1349.3865786423676,53.71947,229.56201
45.288559,7.540769,1348.7226647737984,53.178196,229.56201
45.288241,7.540245,1347.7707773780578,53.904106,229.56201
45.287922,7.539695,1346.5009323432703,54.537197,229.49767
45.287611,7.539124,1346.249564616762,54.88236,230.82906
45.287298,7.538541,1346.8172622493203,54.88236,230.19997
45.287008,7.537958,1348.1917586686843,53.957096,231.31142
45.286718,7.537377,1349.2695901168463,54.19868,231.87262
45.286428,7.536797,1350.04910279447,54.427776,232.71208
45.286133,7.536225,1350.4272116561935,54.59148,233.13118
45.285836,7.535655,1350.6263819301244,54.676033,233.34007
45.285534,7.535083,1350.8469455747431,54.966427,233.44447
45.285231,7.534509,1351.0005492215987,55.321175,233.49657
45.284929,7.533934,1351.0562479205842,55.3728,233.52242
45.284630,7.533356,1351.2129495088107,55.38578,233.53528
45.284333,7.532778,1351.4569928342028,55.35118,233.5417
45.284036,7.532209,1351.7274275252798,55.13688,233.5449
45.283705,7.531658,1352.1297426716094,56.094055,232.18483
45.283369,7.531100,1352.805344905699,56.611736,231.5095
45.283036,7.530541,1353.745978774808,56.602676,231.1762
45.282704,7.529975,1355.2535559948274,56.620068,231.01057
45.282379,7.529409,1356.2495501648953,56.75815,230.92793
45.282054,7.528847,1357.5771480685282,56.765778,230.88676
45.281731,7.528287,1358.9163296859965,56.63973,230.86624
45.281410,7.527727,1360.8278290287358,56.502377,230.85599
45.281092,7.527169,1362.7974170264763,56.348564,230.85085
45.280779,7.526613,1364.6225948853037,56.087387,231.32535
45.280471,7.526059,1366.1503606050605,55.943703,231.55025
45.280184,7.525484,1367.4336023431292,55.943703,230.84698
45.279883,7.524928,1368.7802536331692,55.424103,231.87376
45.279591,7.524361,1369.3958508709443,55.424103,231.35721
45.279300,7.523806,1369.4267146811546,55.541637,231.61496
45.279007,7.523251,1370.4011569143481,55.558693,231.74425
45.278722,7.522691,1371.8097017586447,55.311638,231.73007
45.278432,7.522139,1373.0390588243442,54.815807,231.69757
45.278132,7.521592,1374.5638137070632,54.55614,231.46463
45.277825,7.521051,1377.497718060605,54.472878,231.31364
45.277517,7.520514,1380.5959746135372,54.183834,231.43375
45.277198,7.519992,1383.595235176038,54.183834,231.86963
45.276891,7.519460,1385.311676499502,53.915955,231.19217
45.276599,7.518925,1386.8715491152175,53.915955,231.87167
45.276319,7.518409,1389.2974723573318,53.039608,231.87271
45.276040,7.517899,1391.2642178143924,52.100163,231.87323
45.275760,7.517393,1392.5510568980678,51.323715,231.87349
45.275479,7.516894,1392.7906378424411,50.85426,231.87363
45.275189,7.516393,1392.9246895174933,51.0566,231.87369
45.274894,7.515893,1393.7484749332461,51.286217,231.87372
45.274596,7.515386,1395.0438705806062,51.464733,231.87373
45.274299,7.514883,1396.1316452518695,51.710873,231.87375
45.274004,7.514371,1396.976631044973,52.0908,231.87375
45.273706,7.513855,1397.4118459409751,52.273422,231.87375
45.273382,7.513334,1397.773040682866,53.32662,230.9331
45.273064,7.512812,1398.018727280089,53.47036,230.47066
45.272747,7.512285,1398.8356982071844,53.610607,230.24171
45.272433,7.511755,1400.2372473220732,53.915817,230.12778
45.272119,7.511223,1401.1978935502955,54.040123,230.0712
45.271810,7.510691,1401.5535383698173,54.06117,230.04308
45.271497,7.510152,1401.9458606921824,54.233177,230.02904
45.271179,7.509611,1402.0626142862516,54.280094,230.02203
45.270857,7.509057,1402.4212384443183,55.54642,230.01851
45.270529,7.508503,1402.5161386270095,55.79363,230.01677
45.270188,7.507949,1402.809656585428,56.005527,230.01591
45.269843,7.507392,1402.6284854363485,56.11936,230.01549
45.269500,7.506838,1402.085087961876,56.106087,230.01527
45.269157,7.506287,1401.558719644697,56.139862,230.01517
45.268809,7.505746,1401.0661484779848,56.18318,229.47906
45.268460,7.505211,1400.946474355408,56.085087,229.21164
45.268112,7.504682,1401.122461573657,56.046833,229.0779
45.267764,7.504158,1401.5504050188836,55.93329,229.01105
45.267406,7.503652,1402.3425520473727,55.811474,228.17133
45.267044,7.503150,1403.0659629249872,55.831947,227.75027
45.266660,7.502673,1403.951961589069,56.01473,226.38513
45.265881,7.501714,1406.3179268691983,56.791214,223.77501
45.265465,7.501255,1407.220192102743,57.176018,222.48737
45.251081,7.503311,1401.507904810173,53.419632,180.48248
45.250600,7.503393,1401.1565259222016,53.7213,180.2211
45.250100,7.503466,1400.4917084375245,54.24274,180.09074
45.249603,7.503569,1400.503188845191,53.94142,177.90327
45.249104,7.503714,1400.863551091807,53.94142,178.99608
45.248601,7.503801,1401.154165871221,54.644665,178.44585
45.248108,7.503883,1400.4756963081231,55.15569,178.17235
45.247613,7.503952,1399.289184429272,54.998386,178.03746
45.247113,7.504061,1399.316763961593,55.021732,174.69485
45.246616,7.504236,1399.0477559794708,55.021732,176.36359
45.246116,7.504327,1398.6377615769848,55.29398,176.03784
45.245618,7.504395,1398.1348284172482,55.495323,175.87552
45.245122,7.504450,1397.2211843529903,55.539223,175.79475
45.244622,7.504498,1396.4385381889838,55.943428,176.36479
45.244112,7.504530,1394.910307518421,56.41969,177.17229
45.243599,7.504542,1393.9567196857815,56.76473,178.1689
45.243086,7.504553,1393.5240922021471,56.83392,178.66278
45.242571,7.504560,1394.082617878132,56.822712,178.90826
45.242056,7.504566,1395.0045544156765,56.808346,179.03065
45.241543,7.504570,1395.63639645937,56.718025,179.09172
45.241034,7.504577,1395.8606119647654,56.43399,179.12221
45.240529,7.504581,1395.4797047176996,56.154198,179.13747
45.240024,7.504583,1394.832084873948,56.02933,179.14513
45.239521,7.504583,1394.4939135546158,55.95183,179.14899
45.239018,7.504582,1393.3784729524575,55.940845,179.15091
45.238515,7.504582,1392.0028862939148,56.1205,179.15189
45.238014,7.504566,1390.916141191018,56.369194,179.74896
45.237514,7.504551,1390.3192873750652,56.411797,180.04642
45.237014,7.504534,1390.102453277336,56.527332,180.1949
45.236512,7.504515,1389.6297839977083,56.514694,180.26892
45.236005,7.504496,1388.8084252523568,56.607243,180.30592
45.235494,7.504480,1387.663486030285,56.724865,180.3244
45.234995,7.504460,1386.4093609076135,55.378254,180.37782
45.234516,7.504442,1386.205040048344,53.776176,180.639
45.234035,7.504432,1386.6893614740195,54.365234,179.90016
45.233563,7.504400,1387.3232701760915,54.365234,180.34282
45.233094,7.504374,1388.0114059927498,54.09811,180.22949
45.232625,7.504349,1388.217096256141,54.09811,180.34282
45.232152,7.504352,1387.8084674005322,53.909252,180.07404
45.231676,7.504358,1388.655642182785,53.597614,179.8564
45.231199,7.504355,1390.8429690505618,53.397873,179.76868
45.230728,7.504366,1393.309605981193,53.397873,180.34282
45.230254,7.504383,1396.1063861341986,53.214336,179.74019
45.229769,7.504398,1397.6306995490681,53.390312,179.43666
45.229277,7.504413,1397.8671302382995,53.57953,179.28458
45.228779,7.504438,1397.5872759753302,53.995003,179.20844
45.228279,7.504461,1396.6981977149094,54.402664,179.17049
45.227777,7.504481,1395.8354390471382,54.67047,179.15164
45.227274,7.504496,1395.045424980974,54.949043,179.14227
45.226773,7.504525,1394.113809298804,54.863907,178.40826
45.226267,7.504558,1393.9835025011407,55.098274,178.04149
45.225760,7.504589,1393.7273178256362,55.24476,177.8587
45.225249,7.504642,1393.102773635766,55.487312,177.05849
45.224731,7.504701,1392.0661647153456,55.87659,176.65915
45.224212,7.504786,1390.1598970714765,56.004433,175.5862
45.223682,7.504868,1388.4830336694629,56.98141,175.04813
45.223152,7.504950,1386.7891291660376,57.18042,174.78291
45.222624,7.505030,1385.292359373705,57.25196,174.65161
45.222094,7.505105,1382.9127130810302,57.399426,174.58629
45.221558,7.505175,1380.3222445117424,57.79561,174.55368
45.221016,7.505228,1378.2041986291933,58.257168,175.14043
45.220470,7.505280,1375.9566213371418,58.6315,175.43187
45.219925,7.505333,1373.708234153805,58.69177,175.57625
45.219379,7.505390,1371.7210314108577,58.603287,175.648
45.218835,7.505449,1370.2162563558,58.44706,175.68375
45.218282,7.505492,1369.056196401219,58.801582,176.94922
45.217711,7.505551,1367.1424203097354,58.801582,176.31815
45.217156,7.505618,1364.932000490452,58.51769,176.63335
45.216602,7.505665,1362.356016249929,58.934902,176.79176
45.216051,7.505707,1360.7650634442537,59.26414,176.87082
45.215501,7.505742,1359.9118028910866,59.572296,176.9102
45.214951,7.505771,1359.0581273074658,59.59896,176.92976
45.214400,7.505807,1357.8724773975496,59.852955,176.93951
45.213841,7.505847,1356.2755205997205,60.448288,176.9444
45.213279,7.505882,1354.6273368282828,60.69366,176.94682
45.212711,7.505916,1353.7056360137024,60.837093,176.94803
45.212148,7.505945,1352.7044089188162,60.79707,176.94862
45.211589,7.505973,1351.2896162644436,60.708317,176.94891
45.211034,7.505998,1348.891044705003,60.55325,176.94907
45.210486,7.506027,1345.3177125078387,60.417046,176.94914
45.209947,7.506051,1341.3689982561853,60.157482,176.94917
45.209415,7.506101,1338.3759347918538,59.89541,174.67879
45.208889,7.506145,1336.2468957206227,59.601585,174.57564
45.208364,7.506192,1334.4692247172675,59.405563,174.4856
45.207843,7.506242,1332.705198654086,58.91218,174.04933
45.207309,7.506290,1332.597689550263,58.91218,174.82321
45.206768,7.506368,1332.7813343950334,59.353745,174.75095
45.206223,7.506459,1331.2080295187716,59.423553,174.71483
45.205692,7.506596,1329.0473218473323,58.904015,173.39159
45.205160,7.506739,1326.456373904668,58.83191,171.9051
45.204642,7.506883,1324.1488743972827,58.484226,171.50119
45.204130,7.507019,1321.6071275076858,58.40762,171.87988
45.203624,7.507143,1319.3127686808166,58.235645,172.59137
45.203117,7.507262,1315.3705685396715,58.235645,172.14229
45.202602,7.507343,1310.6890563477227,57.26516,172.80267
45.202076,7.507408,1305.6697336421926,57.679897,173.82068
45.201545,7.507447,1300.6711240115583,58.04293,174.86214
45.201014,7.507471,1297.3967688632224,58.126366,175.38129
45.200480,7.507473,1295.5266681921664,58.170395,176.24123
45.199944,7.507476,1294.1179121571186,58.227654,176.67052
45.199404,7.507487,1293.0501615098733,58.45771,176.88518
45.198858,7.507488,1290.551073874865,58.52303,177.49808
45.198314,7.507493,1287.0483464026486,58.46104,177.80353
45.197772,7.507498,1283.872845806901,58.30584,177.95595
45.197225,7.507484,1281.6403662882694,58.654552,178.66083
45.196666,7.507438,1279.6382615622938,59.675518,179.88463
45.196102,7.507369,1277.3912974584277,60.73364,181.20802
45.195544,7.507303,1276.5327867801755,60.88832,181.857
45.194992,7.507200,1275.1275622848082,60.447697,183.95805
45.194467,7.506906,1272.4105598810706,60.447697,182.90807
45.193970,7.506766,1269.9888645207996,57.040154,183.418
45.193466,7.506684,1267.2462523679342,57.228172,183.02518
45.192958,7.506589,1264.7860857411192,57.434803,182.82457
45.192444,7.506515,1262.634445357355,57.84367,182.7232
45.191924,7.506450,1261.0026558268441,58.1777,182.67247
45.191392,7.506393,1258.279132470356,58.32245,182.6472
45.190855,7.506316,1255.6989846241909,58.310215,185.0596
45.190300,7.506273,1253.3714006289179,58.310215,183.85507
45.189741,7.506253,1251.0564559747136,59.027794,183.05603
45.189178,7.506210,1246.6303666559475,59.560738,183.34056
45.188611,7.506163,1241.680356530117,59.908478,183.48154
45.188038,7.506104,1237.1072638557298,60.25713,183.5515
45.187463,7.506024,1232.7501808458828,60.36594,183.58617
45.186888,7.505939,1229.9925048609648,60.342766,183.60341
45.186318,7.505874,1227.7137770592515,60.216656,183.02463
45.185751,7.505812,1225.1827012142915,60.154663,182.73534
45.185183,7.505753,1222.463241749232,60.41954,182.59024
45.184615,7.505701,1219.879249830194,60.676918,182.51776
45.184048,7.505654,1218.0740099071256,60.836613,182.48163
45.183482,7.505608,1216.3770168271042,60.92183,182.46364
45.182918,7.505572,1213.7378011038722,60.85905,182.45467
45.182360,7.505545,1210.5063608346245,60.713005,182.4502
45.181809,7.505521,1205.984785575944,60.969543,182.44795
45.181266,7.505497,1201.684527207647,61.088413,182.44684
45.180724,7.505464,1198.6232180278066,61.104477,182.44627
45.180185,7.505428,1195.9910551328842,60.8629,182.446
45.179649,7.505393,1192.7999670899897,60.624565,182.44586
45.179111,7.505363,1189.727308245371,60.65558,182.44579
45.178576,7.505332,1186.2885708106496,60.58932,182.44576
45.178042,7.505305,1182.711684868239,60.494076,182.44574
45.177514,7.505315,1179.503421742824,60.24476,180.21227
45.176994,7.505327,1177.453977107523,60.033455,179.43387
45.176479,7.505420,1175.1267463972627,60.033455,180.77385
45.175985,7.505506,1172.4344728497526,58.039654,179.53009
45.175508,7.505561,1170.1889995391168,57.12694,178.89595
45.175021,7.505582,1168.6736810714724,57.125175,178.57068
45.174532,7.505604,1166.838145805421,57.203583,178.40582
45.174033,7.505617,1165.062893697577,57.47462,178.32274
45.173519,7.505614,1163.626752411142,57.907967,178.96242
45.172995,7.505614,1162.2019053000995,58.339622,179.28151
45.172468,7.505615,1159.688810805339,58.63787,179.44008
45.171931,7.505613,1155.9684196406035,58.891037,179.51889
45.171395,7.505609,1152.965994597828,58.858612,179.558
45.170875,7.505574,1150.9277776897934,58.11405,181.17667
45.170361,7.505532,1148.8480243073743,57.96864,181.65016
45.169855,7.505407,1146.2807362264386,57.96864,180.7683
45.169344,7.505363,1143.6814999828275,57.81322,180.97182
45.168829,7.505304,1140.0497087957226,58.173294,181.07439
45.168313,7.505207,1136.577956538918,58.36561,181.95146
45.167794,7.505114,1133.6153406706012,58.54293,182.38911
45.167276,7.505027,1129.6703553917641,58.62595,182.6072
45.166756,7.504932,1126.1010181628646,58.63803,183.443
45.166233,7.504845,1122.5621644411906,58.834385,183.86089
45.165708,7.504762,1119.4669185923417,58.919468,184.06926
45.165185,7.504673,1116.6874510435123,58.694817,184.17296
45.164668,7.504584,1113.0812030737345,58.486603,184.2248
45.164151,7.504503,1108.4971372022264,58.366566,184.25076
45.163630,7.504424,1103.5923867770168,58.35241,184.2638
45.163097,7.504340,1098.6579426172348,58.30031,184.64046
45.162553,7.504192,1094.4258623594346,58.30031,184.27031
45.162004,7.504102,1090.4527141957124,58.736923,184.27359
45.161456,7.504030,1086.8831304607788,58.95279,184.27522
45.160909,7.503950,1082.515600383101,59.073093,184.27605
45.160364,7.503878,1078.6238862893474,59.097294,184.27644
45.159819,7.503800,1074.5357005333988,59.042362,185.11394
45.159401,7.503532,1071.6549472187166,53.315193,189.95741
45.159080,7.503418,1068.115501687722,37.427044,187.38449
45.158835,7.503299,1067.0638502935667,27.55361,191.7146
45.158571,7.503149,1065.6146370649576,27.55361,188.83415
45.158242,7.502993,1065.7651100769517,32.55361,190.93031
45.157837,7.502855,1066.1109602878362,37.55361,191.38168
45.157368,7.502747,1066.082460698251,42.55361,190.54524
45.156840,7.502627,1066.0339405985114,47.55361,190.15613
45.155166,7.502338,1065.6092965559585,53.202976,188.4585
45.154598,7.502233,1065.5032236234576,53.202976,188.87172
45.153445,7.502017,1064.673661627534,56.63975,188.7578
45.152856,7.501919,1063.3797324916377,56.901073,188.73996
45.152262,7.501781,1061.1132485402477,56.72863,188.73123
45.151676,7.501650,1058.9765718634142,56.761868,188.72691
45.151090,7.501535,1055.9782979315678,56.655167,188.72476
45.150501,7.501430,1053.3108556518491,56.7126,188.7237
45.149897,7.501324,1050.527350651315,56.755928,188.72314
45.149300,7.501236,1047.1325717438694,56.352673,188.0948
45.148699,7.501154,1044.3999573780527,55.95118,188.17642
45.148109,7.501075,1042.25843007942,55.757366,188.24208
45.147532,7.500976,1039.053098966397,55.687843,188.90971
45.146980,7.500891,1035.9362715973507,55.38681,188.01471
45.146446,7.500784,1033.0284444375718,55.13802,188.20741
45.145928,7.500659,1027.9073734010792,54.683628,187.72322
45.145391,7.500524,1021.9581012468949,54.683628,188.72261
45.144886,7.500403,1018.0736623407796,51.829544,188.72261
45.142271,7.499968,988.5223519014935,53.180107,187.39104
45.141751,7.499895,981.9328823258832,53.05877,186.71753
45.141231,7.499824,976.0228876767932,53.40503,186.38058
45.140712,7.499753,971.6236649114206,53.78146,186.21259
45.140190,7.499682,967.3433592063978,54.4034,186.12881
45.139656,7.499611,963.7658042175365,55.299812,186.08713
45.139115,7.499534,960.9076026170078,55.875767,186.06656
45.138576,7.499454,958.2796031234418,56.053062,186.05643
45.138033,7.499374,955.5260096871536,56.16965,186.05142
45.137493,7.499291,953.3872691661832,56.341507,186.04893
45.136953,7.499203,950.7173069117284,56.63809,186.04768
45.136406,7.499088,947.3655872729482,57.376804,186.95096
45.135844,7.498921,942.3764640759457,59.353065,188.7941
45.135269,7.498717,935.9506484944455,61.06016,190.76302
45.134697,7.498532,929.4609569101068,60.427402,190.94368
45.134111,7.498344,922.7093028035918,59.914093,189.98535
45.133532,7.498164,917.6118140502415,58.74207,190.34735
45.132976,7.497981,912.5709981578393,56.85834,191.32358
45.132431,7.497813,907.5443402531965,56.367336,191.22809
45.131883,7.497644,902.5439865677296,56.20252,191.83008
45.131314,7.497468,897.6761810408865,55.867085,191.4762
45.130778,7.497295,893.6425781227834,55.500546,192.3927
45.130255,7.497137,889.4637220710597,55.500546,191.818
45.129743,7.496992,885.6777743661063,55.60114,192.10458
45.129228,7.496825,882.7991981545421,56.06633,192.24905
45.128714,7.496655,880.7562408827,56.543507,192.48631
45.128200,7.496452,878.1915029554171,56.543507,192.32127
45.127683,7.496281,874.8006054213621,57.469597,192.35738
45.127161,7.496102,871.1389995947729,57.866905,192.3752
45.126641,7.495926,868.1947890658926,58.220795,192.384
45.126134,7.495759,865.3318143672469,58.06424,192.38837
45.125634,7.495586,861.7310493362845,58.01715,192.39053
45.125139,7.495419,858.0929837177189,57.834003,192.50893
45.124644,7.495246,855.2519018837754,57.834003,192.3927
45.124146,7.495070,851.972554623031,57.71189,192.3927
45.123642,7.494910,848.9061783310739,57.709072,192.3927
45.123141,7.494755,847.637254998401,57.650608,191.65527
45.122641,7.494601,847.7761788017865,57.7394,191.89478
45.122143,7.494424,847.8299027496553,57.908035,192.11162
45.121658,7.494200,846.9780853019603,57.908035,192.3927
45.121159,7.494041,845.8529435159307,58.268044,191.53476
45.120661,7.493882,845.658650421088,57.925457,191.71931
45.120167,7.493721,845.7491766121944,57.651894,191.6861
45.119670,7.493561,844.9348355960245,57.368538,191.86346
45.119158,7.493405,843.1250816420845,57.47508,192.37283
45.118644,7.493235,840.715283719079,57.588055,192.74327
45.118132,7.493036,839.1889778161104,57.588055,192.3927
45.117615,7.492816,837.9308453532827,59.130955,193.52225
45.117090,7.492607,836.2983254875601,59.544052,194.07787
45.116563,7.492411,835.2481551938902,59.58214,194.35156
45.116038,7.492227,834.087652096771,59.53199,194.48724
45.115519,7.492089,832.2955367078679,58.925488,191.49535
45.115009,7.491942,831.3311086308192,58.4143,192.14095
45.114509,7.491794,831.2936796925293,57.848064,191.98055
45.114017,7.491645,831.4060164447561,56.868866,192.15315
45.113528,7.491478,831.6706850042253,56.479057,193.14513
45.113042,7.491310,832.0493752503727,56.343987,193.24722
45.112561,7.491206,832.240426120856,56.343987,192.77512
45.112078,7.491068,831.9721174994036,56.6919,192.96013
45.111589,7.490919,832.0691668147074,56.825832,193.05273
45.111100,7.490750,831.5935570549445,56.808365,192.59204
45.110609,7.490525,832.0235010990741,56.808365,193.09895
45.110112,7.490325,831.7174541215129,56.68849,193.12202
45.109615,7.490144,830.4158627063931,56.52434,193.13354
45.109125,7.489988,828.6004575055191,56.218235,192.6253
45.108651,7.489839,826.8479411690025,55.545975,191.71555
45.108183,7.489699,824.5379834776593,55.27076,192.15263
45.107715,7.489601,821.8327982492235,55.27076,192.24315
45.107242,7.489475,819.4457998621675,55.357323,192.17839
45.106762,7.489339,817.2714249722843,55.66237,192.14581
45.106274,7.489202,815.4290053275477,55.731216,192.12955
45.105780,7.489073,813.8407485430643,55.655205,192.12143
45.105279,7.488954,813.3536879366773,55.746525,191.60516
45.104776,7.488838,812.9476913488055,55.858665,191.34709
45.104270,7.488725,812.2343262231985,56.076927,191.21808
45.103762,7.488609,811.6317164020082,56.211555,191.15375
45.103244,7.488529,812.5907595921658,56.45514,187.87186
45.102735,7.488454,814.712690715627,55.76594,187.98213
45.102230,7.488385,815.5616698795955,55.4998,187.77231
45.101730,7.488314,815.510767062822,55.56358,187.29361
45.101235,7.488241,815.5665194596164,55.267853,187.73297
45.100740,7.488163,816.0955650986982,55.159496,187.40369
45.100242,7.488105,817.3246674000202,55.159496,187.92381
45.099750,7.488019,819.403984450336,55.05698,187.89789
45.099256,7.487930,821.2446432382824,55.366337,187.88486
45.098762,7.487844,822.5955529650996,55.442806,187.87834
45.098278,7.487801,823.3849521883292,54.203625,186.53667
45.097791,7.487755,822.8367201662792,54.04927,185.85605
45.097285,7.487710,821.1418255220003,54.92807,185.50957
45.096775,7.487663,819.7248789387579,55.241978,185.33708
45.096262,7.487619,818.84711640973,55.155014,185.25159
45.095752,7.487572,818.1168024131384,55.194496,185.20894
45.095239,7.487528,817.5217928090253,55.404064,185.18762
45.094733,7.487503,817.2306702335068,55.045067,184.40347
45.094232,7.487479,817.1018158727929,54.6761,184.01155
45.093733,7.487456,817.638371498762,54.78624,183.8141
45.093228,7.487425,818.2864578547183,55.34017,183.71472
45.092720,7.487389,818.187212779126,55.455845,183.66531
45.092215,7.487351,818.3214923378484,55.155304,183.6408
45.091714,7.487379,818.4394163757682,54.70877,177.87047
45.091221,7.487406,818.8096847211544,54.00389,177.51036
45.090714,7.487428,819.4977997810943,54.00389,179.33153
45.090206,7.487438,820.1692640114627,53.957817,179.73206
45.089705,7.487459,820.4863850637547,53.955364,179.93364
45.089208,7.487491,820.7478734246818,54.07932,179.46011
45.088709,7.487521,821.0952262545429,54.471043,179.22252
45.088210,7.487548,821.0947110297338,54.811092,179.104
45.087712,7.487575,820.4532417839546,55.052433,179.04506
45.087216,7.487598,819.8530084718409,55.03661,179.0158
45.086719,7.487622,819.831990070206,55.06441,179.0012
45.086222,7.487676,820.1418531687323,55.043293,178.28214
45.085724,7.487740,820.6655457381089,54.931866,177.92322
45.085223,7.487815,821.3542817468622,54.757793,178.37633
45.084715,7.487945,822.4928111405271,54.757793,177.74384
45.084203,7.488035,824.0101162088054,54.718475,176.9877
45.083689,7.488117,825.2420826515828,54.67168,176.60902
45.083179,7.488194,825.7975737064053,54.756226,176.41924
45.082675,7.488270,826.1212992071436,54.936733,176.32423
45.082170,7.488344,826.1292981302375,55.24269,176.27672
45.081159,7.488482,826.0673401311411,55.696075,176.24124
45.080694,7.488715,825.8473048879429,55.419662,165.58904
45.078870,7.489835,822.9362445070211,52.281837,162.51613
45.078437,7.490256,821.6110496245599,52.446415,161.17058
45.078001,7.490650,820.3575364552737,52.976955,160.4848
45.077541,7.491014,819.7860600353016,54.014336,160.13882
45.077067,7.491349,819.3308913112849,54.810246,159.96718
45.076106,7.492003,815.5584309783349,55.07569,158.83371
45.075639,7.492355,814.3788177346504,54.890663,157.42615
45.075185,7.492717,815.0956306156954,54.635612,155.88382
45.074739,7.493093,816.0567085326397,54.561558,154.37971
45.074302,7.493476,816.3419248774155,54.49005,152.91052
45.070877,7.502334,818.8264064458106,53.12973,125.11647
45.069961,7.504569,819.8813046795428,52.656868,124.769
45.069715,7.505149,820.1384503646985,52.39529,123.23237
45.069449,7.505723,820.1078827165813,52.39529,124.344055
45.069186,7.506304,819.9665979210399,53.232407,123.61376
45.068916,7.506869,819.2662986711684,52.822086,122.07791
45.068651,7.507444,818.7191465996086,52.793785,121.916046
45.068404,7.508039,818.6615087984045,52.763374,121.68848
45.068180,7.508653,819.2624382964684,52.763374,122.38124
45.067937,7.509242,820.0495657216013,53.007816,122.03414
45.067688,7.509820,820.84324963082,53.140938,121.86091
45.067439,7.510410,821.5983572255212,53.568005,121.77425
45.067204,7.511020,822.0861117466707,53.962376,120.895615
45.066966,7.511627,822.8201255634586,54.070175,120.45994
45.066746,7.512242,823.8514405795362,53.801907,118.20833
45.066524,7.512852,824.8563925769228,53.748318,118.165955
45.066306,7.513456,825.4633100876075,53.543545,118.23412
45.066113,7.514060,825.1618290780717,52.529175,115.384796
45.065904,7.514648,824.9717437098727,52.529175,116.95428
45.065682,7.515253,824.7530881777401,53.99598,117.45054
45.065280,7.516499,821.0530818666493,53.128757,117.34489
45.065091,7.517113,819.8647574998,52.116257,116.29275
45.064921,7.517713,820.0372330786137,51.6442,115.01844
45.064755,7.518289,820.4011188863411,50.9675,116.02789
45.064599,7.518855,821.2214141942878,50.4023,113.28173
45.064428,7.519407,822.0213769471825,49.601013,113.7259
45.064002,7.520514,822.3453773035466,52.08958,116.49903
45.063792,7.521060,821.2856175781847,52.059895,117.73903
45.063584,7.521611,819.7808265803321,52.092976,118.35102
45.063385,7.522156,818.175274100501,51.89368,118.654205
45.063199,7.522713,816.3294910200987,51.796066,117.8914
45.062624,7.525165,819.0096923802529,52.164948,109.392944
45.062524,7.525804,820.1523523492812,52.003082,108.34568
45.062302,7.527016,824.6004081369272,50.915695,111.34395
45.062220,7.527661,827.2089236118668,51.253677,110.38834
45.062032,7.528943,831.35976369267,50.526585,109.43282
45.061944,7.529596,831.2709537222026,50.182156,107.09682
45.061846,7.530238,830.7467980814157,49.72009,106.17167
45.061757,7.530896,829.6053094628959,49.54526,104.26417
45.061667,7.531534,829.033722907693,49.249863,103.53123
45.061386,7.533345,829.3881182760048,46.84807,105.813
45.061301,7.533946,828.40297254336,46.08197,105.10031
45.061225,7.534552,827.9188860433364,46.011017,104.73499
45.061174,7.535177,827.9722763499783,45.94328,103.21781
45.061050,7.536924,828.238561892672,46.028225,104.76647
45.061010,7.537491,826.2928604880411,45.48572,104.92241
45.061060,7.565395,812.314713106672,53.109314,93.14089
45.061976,7.566412,795.5605399421943,53.54765,87.2717
45.063042,7.567645,781.9568596753152,53.206215,77.64128
45.063893,7.568872,768.7046863009983,53.14197,75.254845
45.064480,7.569890,755.2608818103347,53.014347,73.831345
45.064914,7.570826,742.5235504066682,52.913013,74.193954
45.065361,7.571683,731.0010319201191,52.913013,75.06561
45.065616,7.572415,721.9925369523521,52.19405,75.06289
45.065808,7.573111,715.0233961773134,53.017063,75.625305
45.065975,7.573796,709.4871700331191,52.938133,76.132645
45.066167,7.574479,704.5073795959106,52.938133,75.90429
45.066311,7.575154,700.4899588492552,52.772335,76.04322
45.066453,7.575823,696.0961069189798,53.307137,76.113106
45.066593,7.576482,691.5638285192101,53.001057,75.645996
45.066723,7.577136,687.125508916612,52.693253,74.89574
45.066830,7.577799,684.004356593174,52.693253,75.412926
45.066940,7.578446,680.6868579446207,52.332424,74.8425
45.067047,7.579094,677.6033522430273,52.332424,75.29624
45.067154,7.579736,675.3847913379886,51.97814,75.237656
45.067259,7.580388,673.503737854144,52.124336,75.20807
45.067370,7.581034,671.4177715755757,52.26038,75.193214
45.067483,7.581665,667.8491999517553,52.185993,75.1858
45.067613,7.582275,663.4068516317016,52.01314,73.28078
45.067720,7.582890,659.4091066016576,51.40231,75.18844
45.067817,7.583512,655.3931971532988,51.230526,75.57312
45.067870,7.584136,651.4309837446074,50.859425,79.51688
45.067863,7.584780,647.7254967320114,50.859425,77.21797
45.067881,7.585420,643.7153080862715,50.31965,80.94098
45.067887,7.586063,638.7533953971426,50.31965,79.06452
45.067951,7.586699,633.4747138063117,50.218906,78.48686
45.068025,7.587337,629.9788620451951,50.09626,78.196304
45.068097,7.587966,627.096288182514,49.905697,78.05052
45.068124,7.588592,624.767796795964,49.291924,83.61627
45.068149,7.589187,623.3972715825909,49.291924,80.81101
45.068193,7.589781,621.4328999380829,49.181572,80.8081
45.068208,7.590357,619.0297387319697,48.713215,84.59385
45.068231,7.590914,616.2002203144258,48.060226,85.808815
45.068229,7.592046,611.7616670883286,46.939697,86.38215
45.068178,7.592622,607.013223794731,46.298885,88.7724
45.068135,7.593196,601.960163040499,46.298885,87.58957
45.068083,7.593753,598.1693599999919,45.931736,87.5081
45.068068,7.594316,594.7988295237151,45.934658,87.46679
45.068065,7.594887,591.0968067265401,46.033108,87.44596
45.068071,7.595435,586.9381285428647,45.451088,86.06685
45.068068,7.595976,582.1849785152181,45.451088,86.76124
45.068083,7.596507,578.8722534585804,45.35949,86.4156
45.068097,7.597053,576.3409875070399,45.486324,86.24137
45.068094,7.597619,575.0143980218717,46.251423,87.50815
45.068093,7.598188,574.2521057382628,45.87593,88.13157
45.068085,7.598770,573.1184917011287,45.91369,88.44342
45.067901,7.599896,571.1158588442988,45.580856,95.19499
45.067812,7.600459,570.4989647283423,45.278503,105.06507
45.067731,7.601031,569.5525608639833,45.278503,100.122444
45.067628,7.601586,568.4945508936457,45.231693,109.00206
45.067590,7.602164,567.4239461792608,45.231693,109.00206
45.067326,7.602698,566.5186667443311,41.773224,100.544945
45.067136,7.603763,563.7437475442352,40.156876,98.02258
45.067038,7.604316,562.455797201632,40.044216,98.3399
45.066935,7.604854,561.295332453062,40.0,98.719666
45.075692,7.626544,303.027714601521,33.06981,10.058517
45.076717,7.626807,323.5623769997535,33.55801,10.052459
45.077062,7.626899,330.74388788420606,33.708355,10.052023
45.077394,7.626971,336.71984584660026,33.138485,10.146073
45.077765,7.627039,342.0661620652163,33.138485,10.051809
45.078108,7.627147,347.04650193686007,33.027218,10.592438
45.078430,7.627241,353.02291753266917,31.951107,10.116775
45.078739,7.627323,358.67183025191287,31.412088,8.913559
45.079038,7.627379,363.9304187473389,31.157688,5.0885425
45.079352,7.627437,369.15763468899047,31.157688,7.3987036
45.079640,7.627476,372.1512293294631,29.995266,6.2727175
45.079928,7.627483,374.6395719519395,30.59889,2.676925
45.080222,7.627478,377.53118117294616,30.59889,4.479659
45.080522,7.627462,380.7944691299766,32.191128,1.0990102
45.080827,7.627462,382.96487382869304,33.210842,0.44675776
45.081146,7.627479,383.68508657902305,34.46241,0.4917987
45.081467,7.627493,383.9118360337891,35.06905,0.5134223
45.081787,7.627512,384.99076889708596,35.13033,1.2924205
45.082106,7.627513,386.1402223139968,35.123817,1.0424552
45.082414,7.627467,386.6748215716966,34.367985,359.95685
45.082724,7.627387,386.3222182725323,34.4681,356.62604
45.083037,7.627303,386.24913696732625,34.27093,353.48926
45.083330,7.627162,384.1182371229224,34.27093,354.95825
45.083626,7.627042,382.02823702460154,34.364426,353.06256
45.083916,7.626923,381.0351118162609,34.199837,351.6785
45.085818,7.608407,258.794382445588,29.09309,287.52444
45.085832,7.607942,261.8298426901274,29.858665,285.19528
45.085860,7.607512,264.68056420392,29.771149,281.73773
45.085897,7.607078,267.81636290660754,30.082033,281.77432
45.085941,7.606669,270.59088178244747,30.082033,282.58817
45.086003,7.606304,274.0911071346763,27.907982,284.69693
45.086064,7.605943,277.0688753750591,27.746256,283.89343
45.086129,7.605605,279.59205074609673,27.47754,284.54895
45.086194,7.605264,282.8379408537597,27.267353,284.08545
45.086257,7.604940,285.46927607394156,26.63671,283.1679
45.086308,7.604628,288.38730329447975,26.128672,282.3763
45.086384,7.604026,294.92080408846306,24.588018,281.58893
45.086437,7.603448,300.6674167945681,23.250544,281.40427
45.086470,7.602894,307.3257112898924,21.904707,278.70627
45.086516,7.602382,314.0880665150078,20.552761,278.10086
45.086551,7.601906,319.45665342280336,20.094093,276.97867
45.086569,7.601487,322.10730304654277,19.344694,275.8117
45.086583,7.601061,322.5652685504757,18.963898,275.35504
45.086619,7.600604,321.9411254468593,18.829292,275.32574
45.086674,7.600174,321.828899561241,18.092314,277.9554
45.086764,7.599791,322.6084126768716,17.540403,279.80176
45.086855,7.599402,324.3620787680651,16.555336,281.73972
45.086923,7.599057,327.67557857521956,14.711464,279.15482
45.086979,7.598634,329.9100309043762,14.276834,278.15216
45.087025,7.598246,329.01181237139895,13.236164,278.78394
45.087061,7.597898,331.15719152300835,10.595229,274.69382
45.087219,7.597645,334.29798358598885,5.582772,308.14694
45.087367,7.597899,334.5504830136771,3.0567658,41.839924
45.087492,7.598196,335.15514827013976,3.1576927,58.54675
45.087515,7.598517,335.15182350640185,3.6639085,76.55024
45.087532,7.598864,334.9947160624191,4.1857486,81.46116
45.087532,7.599236,335.6391288197898,4.812993,84.39264
45.087510,7.599622,336.9331445413601,5.432819,90.25805
45.087509,7.599961,335.0565113335717,5.6199236,90.54934
45.087512,7.600343,335.4160855433919,5.769023,88.11441
45.087536,7.600733,337.30354785079925,6.3611097,88.24722
45.087536,7.601061,339.8112370126799,6.458759,89.69057
45.087521,7.601443,340.9135383711009,6.6465125,91.19179
45.087480,7.601816,338.45570713078337,6.6633797,95.04103
45.087438,7.602176,335.44836506428703,6.6666512,96.9991
45.087394,7.602528,333.89498841412683,6.658174,98.97031
45.087343,7.602886,332.22430888062473,6.778258,100.6193
45.087289,7.603276,328.5051153711233,7.1214795,99.597145
45.087222,7.603656,324.7270302479569,6.21826,100.384766
45.087186,7.604008,323.6291233127325,6.6074023,100.43013
45.087153,7.604404,320.4949725753505,6.645536,98.03342
45.087099,7.604776,319.28968534127387,6.8079476,101.43616
45.087036,7.605120,314.57672201958104,6.798755,100.7871
45.086994,7.605466,312.69343786258344,6.6832414,102.656654
45.086968,7.605835,312.2247449946913,6.9372654,99.34246
45.086893,7.606208,314.34705226234087,6.6988697,106.47967
45.086823,7.606538,318.8143631207557,6.5879555,108.243996
45.086769,7.606884,322.95902855798846,6.9446177,102.52344
45.086706,7.607197,328.3719488761472,6.990718,101.94478
45.086619,7.607547,332.50731468334453,5.9767313,103.290764
45.086561,7.607898,333.9109099946088,4.1092668,103.73768
45.086500,7.608253,335.1572443284459,4.6606064,104.08638
45.086523,7.608626,336.7374327224173,4.832405,99.63063
45.086517,7.608974,333.69622092204946,3.3871133,89.95721
45.086284,7.609173,332.9028612011707,0.0,120.81117
